Date,Product2Symbol,USDValueAtClose,BTCValueAtClose
2022-10-01,1INCH,0.5736,0.00002971
2022-10-01,1INCHDOWN,0.008036815,4.13217E-07
2022-10-01,1INCHUP,0.063928932,3.28694E-06
2022-10-01,3CRV,1.014563594,5.21644E-05
2022-10-01,AAVE,74.56,0.003858
2022-10-01,AAVEDOWN,0.004674233,2.40328E-07
2022-10-01,AAVEUP,0.600958468,3.08986E-05
2022-10-01,ACA,0.183118221,9.41513E-06
2022-10-01,ACH,0.0118,0.00000061
2022-10-01,ACM,3.876,0.0002007
2022-10-01,ADA,0.4301,0.00002228
2022-10-01,ADADOWN,0.004839,0.00000025
2022-10-01,ADAUP,0.8679,0.00004495
2022-10-01,ADX,0.1703,0.00000881
2022-10-01,AE,0.07577,0.00000391
2022-10-01,AERGO,0.1265,0.00000657
2022-10-01,AGI,0.04578,0.00000238
2022-10-01,AGIX,0.047469481,2.44067E-06
2022-10-01,AGLD,0.3179,0.00001648
2022-10-01,AION,0.03875,0.000002
2022-10-01,AKRO,0.003788,0.00000019
2022-10-01,ALCX,20.46,0.001057
2022-10-01,ALGO,0.3549,0.00001837
2022-10-01,ALGO_USDC_UV4I,1,0.00005178
2022-10-01,ALGO_USDT_I3ZH,1,0.00005144
2022-10-01,ALICE,1.71,0.0000884
2022-10-01,ALK,0.003642793,1.87296E-07
2022-10-01,ALPACA,0.2961,0.00001533
2022-10-01,ALPHA,0.1134,0.00000587
2022-10-01,ALPINE,3.905258102,0.000200791
2022-10-01,AMB,0.01603,0.00000083
2022-10-01,AMP,0.00488,0.00000025
2022-10-01,ANC,0.09293,0.0000048
2022-10-01,ANKR,0.03047,0.00000158
2022-10-01,ANT,1.678,0.00008687
2022-10-01,ANY,4.357344191,0.00022403
2022-10-01,APE,5.242,0.0002711
2022-10-01,API3,1.65,0.00008554
2022-10-01,APPC,0.03043,0.00000007
2022-10-01,AR,9.267,0.0004798
2022-10-01,ARDR,0.0956,0.00000495
2022-10-01,ARK,0.3803,0.00001969
2022-10-01,ARKK,37.85,0.00194603
2022-10-01,ARN,0.02511,0.0000013
2022-10-01,ARPA,0.03371,0.00000175
2022-10-01,ARS,0.004408,0.00000018
2022-10-01,ASR,3.854568409,0.00019818
2022-10-01,AST,0.1097,0.00000568
2022-10-01,ASTR,0.0367,0.00000193
2022-10-01,ATA,0.1578,0.00000817
2022-10-01,ATM,4.601,0.0002382
2022-10-01,ATOM,12.67,0.0006569
2022-10-01,AUCTION,6.619,0.0003427
2022-10-01,AUD,0.648131405,3.34174E-05
2022-10-01,AUDIO,0.2141,0.00001103
2022-10-01,AURY,1.308329621,6.72668E-05
2022-10-01,AUTO,231.19,0.01197
2022-10-01,AVA,0.7494,0.0000388
2022-10-01,AVAX,16.96,0.0008785
2022-10-01,AXS,12.56,0.000651
2022-10-01,BADGER,3.59,0.0001858
2022-10-01,BAKE,0.2363,0.00001223
2022-10-01,BAL,5.26,0.0002726
2022-10-01,BAND,1.243,0.00006437
2022-10-01,BAR,6.056501769,0.000311391
2022-10-01,BAT,0.2999,0.00001554
2022-10-01,BCC,0.67988909,3.4956E-05
2022-10-01,BCD,0.1676,0.00000868
2022-10-01,BCERT,0.00000001,0.00000001
2022-10-01,BCERTIN,0.00000001,0.00000001
2022-10-01,BCGC,0.00000001,0.00000001
2022-10-01,BCH,117.16,0.006069
2022-10-01,BCHA,117.16,0.006069
2022-10-01,BCHABC,117.16,0.006069
2022-10-01,BCHDOWN,117.16,0.006069
2022-10-01,BCHSV,117.16,0.006069
2022-10-01,BCHUP,117.16,0.006069
2022-10-01,BCN,0.0007726,0.00000004
2022-10-01,BCPT,0.002361,0.00000012
2022-10-01,BDOT,4.608019964,0.000236918
2022-10-01,BEAM,0.1843,0.00000957
2022-10-01,BEAR,0.0002177,0.00000001
2022-10-01,BEL,0.5759,0.00002982
2022-10-01,BETA,0.1042,0.00000539
2022-10-01,BETH,1301.655979,0.066923694
2022-10-01,BGBP,1.390635355,7.14985E-05
2022-10-01,BICO,0.4123,0.00002127
2022-10-01,BIDR,0.00006551,0.000000003
2022-10-01,BIFI,333.72,0.01728
2022-10-01,BK,0.00000001,0.00000001
2022-10-01,BK-LOCKED,0.00000001,0.00000001
2022-10-01,BKRW,0.0009227,0.00000005
2022-10-01,BLL,0.000293044,1.50669E-08
2022-10-01,BLZ,0.08617,0.00000446
2022-10-01,BNB,282.89,0.01465
2022-10-01,BNBBEAR,0.00000001,0.005404
2022-10-01,BNBBULL,17.95,0.005275
2022-10-01,BNBDOWN,0.04111,0.00000213
2022-10-01,BNBUP,34.28,0.001775
2022-10-01,BNB_BSC,282.89,0.01465
2022-10-01,BNT,0.426,0.0000221
2022-10-01,BNX,154.5605169,0.007946784
2022-10-01,BOND,5.146,0.000266
2022-10-01,BONDMGL1,0.00000001,0.00000001
2022-10-01,BOSSC,0.00000001,0.00000001
2022-10-01,BOT,0.001878964,9.66076E-08
2022-10-01,BQX,0.00000001,0.00000001
2022-10-01,BRD,0.02453,0.00000127
2022-10-01,BRL,0.1858,0.00000962
2022-10-01,BRZ,0.1854,0.00000863
2022-10-01,BRZ_ALGO,0.1854,0.00000863
2022-10-01,BSV,48.34,0.002503
2022-10-01,BSW,0.2744,0.00001421
2022-10-01,BTC,19313.96,1
2022-10-01,BTCB,18058.55,0.935
2022-10-01,BTCDOWN,0.03463,0.00000179
2022-10-01,BTCST,8.778,0.0004545
2022-10-01,BTCUP,3.875,0.0002007
2022-10-01,BTG,20.3,0.001051
2022-10-01,BTS,0.01043,0.00000054
2022-10-01,BTT,0.00000078,4E-11
2022-10-01,BTTC,0.00000001,0.00000001
2022-10-01,BULL,87.25,0.004514
2022-10-01,BUNNY,0.08162154,4.1966E-06
2022-10-01,BURGER,0.9569,0.00004956
2022-10-01,BUSD,1,0.00005138
2022-10-01,BUSD_BSC,1,0.00005138
2022-10-01,BVND,0.00000001,0.00000001
2022-10-01,BZRX,0.057056621,2.93359E-06
2022-10-01,C98,0.3597,0.0000186
2022-10-01,CAD,0.73015618,3.76466E-05
2022-10-01,CAKE,4.521,0.0002341
2022-10-01,CANDi,0.00000001,0.00000001
2022-10-01,CDT,0.00000001,0.00000001
2022-10-01,CELO,0.787,0.00004066
2022-10-01,CELR,0.01513,0.00000078
2022-10-01,CFX,0.04145,0.00000215
2022-10-01,CHAT,0.0009839,0.00000005
2022-10-01,CHESS,0.2584,0.00001347
2022-10-01,CHR,0.153,0.0000079
2022-10-01,CHT,1.34642E-05,6.92269E-10
2022-10-01,CHZ,0.2386,0.00001237
2022-10-01,CIRUS,0.124517763,6.40213E-06
2022-10-01,CITY,6.549474756,0.000336744
2022-10-01,CKB,0.003699,0.00000019
2022-10-01,CLOAK,0.3477,0.000018
2022-10-01,CLV,0.0871,0.00000451
2022-10-01,CMT,0.002318,0.00000012
2022-10-01,CND,0.0003863,0.00000002
2022-10-01,COCOS,0.5998,0.00003106
2022-10-01,COMP,60.91,0.003153
2022-10-01,COPE,0.043885073,2.25643E-06
2022-10-01,COS,0.00511,0.00000075
2022-10-01,COTI,0.1075,0.00000552
2022-10-01,COVER,21.06,0.001091
2022-10-01,CQT,0.06966,0.00000361
2022-10-01,CREAM,14.55,0.0007538
2022-10-01,CRV,0.8917,0.00004612
2022-10-01,CRVUSDBTCETH,0.00000001,0.00000001
2022-10-01,CRV_POLYGON,0.8917,0.00004612
2022-10-01,CTK,0.8687,0.00004498
2022-10-01,CTSI,0.1402,0.00000727
2022-10-01,CTXC,0.1091,0.00000565
2022-10-01,CVC,0.1275,0.0000066
2022-10-01,CVP,0.3315,0.00001716
2022-10-01,CVX,4.79,0.000248
2022-10-01,cvxCRV,0.874919475,4.49507E-05
2022-10-01,DAI,0.9998,0.00005176
2022-10-01,DAI_POLYGON,0.9998,0.00005176
2022-10-01,DAR,0.2063,0.00001068
2022-10-01,DASH,41.74,0.002161
2022-10-01,DATA,0.03084,0.00000162
2022-10-01,DCR,25.65,0.001328
2022-10-01,DEGO,1.699,0.00008794
2022-10-01,DENT,0.0009576,0.00000005
2022-10-01,DEXE,3.084597237,0.0001586
2022-10-01,DF,0.03399,0.00000176
2022-10-01,DFL,0.001347972,6.93085E-08
2022-10-01,DGB,0.009472,0.00000048
2022-10-01,DGD,229.56,0.01188
2022-10-01,DIA,0.3818,0.00001977
2022-10-01,DLT,0.0005794,0.00000003
2022-10-01,DNT,0.0419,0.00000217
2022-10-01,DOCK,0.02047,0.00000106
2022-10-01,DODO,0.1305,0.00000673
2022-10-01,DOGE,0.0606,0.00000313
2022-10-01,DOT,6.269,0.0003246
2022-10-01,DOTDOWN,14.86,0.0007695
2022-10-01,DOTUP,0.1589,0.00000823
2022-10-01,DREP,0.4863,0.00002512
2022-10-01,DUSK,0.1189,0.00000618
2022-10-01,DYDX,1.244,0.00006445
2022-10-01,EASY,0.00000001,0.00000001
2022-10-01,EDG,0.03901,0.00000202
2022-10-01,EDO,0.6144,0.0001633
2022-10-01,EGLD,47.82,0.002476
2022-10-01,ELF,0.1304,0.00000675
2022-10-01,ELLEX,0.00000001,0.00000001
2022-10-01,ENG,0.006953,0.00000036
2022-10-01,ENJ,0.4508,0.00002332
2022-10-01,ENS,14.94,0.0007734
2022-10-01,EOS,1.224,0.00006338
2022-10-01,EOSBEAR,0.00000161,8E-11
2022-10-01,EOSBULL,0.00000021,1E-11
2022-10-01,EOSDOWN,0.0003665,0.00000003
2022-10-01,EOSUP,0.2113,0.00001948
2022-10-01,EPS,0.088119783,4.53084E-06
2022-10-01,EPT,0.00000001,0.00000001
2022-10-01,EPX,0.000551,0.00000003
2022-10-01,ERD,0.008498,0.00000044
2022-10-01,ERN,3.59,0.0001864
2022-10-01,ETC,27.55,0.001427
2022-10-01,ETH,1311.8,0.06791
2022-10-01,ETHBEAR,0.00000008,4E-12
2022-10-01,ETHBULL,4.5,0.0002248
2022-10-01,ETHDOWN,1.163,0.00006022
2022-10-01,ETHUP,3.195,0.0001654
2022-10-01,ETHW,11.14,0.0005774
2022-10-01,EUR,0.977603113,5.04048E-05
2022-10-01,EUROC,0.979444387,5.03552E-05
2022-10-01,EURS,0.9721,0.00005033
2022-10-01,EURT,0.9801,0.0000507
2022-10-01,EVX,0.01339,0.00000069
2022-10-01,EZ,0.2609,0.00001351
2022-10-01,F2F,0.00000001,0.00000001
2022-10-01,FARM,38.05,0.00197
2022-10-01,FET,0.08091,0.0000042
2022-10-01,FIDA,0.4342,0.00002247
2022-10-01,FIL,5.519,0.000286
2022-10-01,FILDOWN,0.000629296,3.23533E-08
2022-10-01,FILUP,0.212426513,1.09213E-05
2022-10-01,FIO,0.04365,0.00000226
2022-10-01,FIRO,2.772,0.0001435
2022-10-01,FIS,0.3114,0.00001634
2022-10-01,FLM,0.1147,0.00000594
2022-10-01,FLOW,1.684,0.00008721
2022-10-01,FLUX,0.7876,0.00004078
2022-10-01,FOR,0.01855,0.00000097
2022-10-01,FORTH,4.67,0.0002429
2022-10-01,FRONT,0.2218,0.00001157
2022-10-01,FTM,0.2243,0.00001162
2022-10-01,FTT,24.28,0.001258
2022-10-01,FUEL,0.000288095,1.48116E-08
2022-10-01,FUN,0.007299,0.00000037
2022-10-01,FXS,4.288,0.000222
2022-10-01,GAL,2.590746714,0.000133195
2022-10-01,GALA,0.04027,0.00000208
2022-10-01,GAS,2.266,0.0001173
2022-10-01,GBP,1.113366296,5.74047E-05
2022-10-01,GHST,1.177,0.00006006
2022-10-01,GLM,0.2774,0.00001433
2022-10-01,GLMR,0.47,0.00002433
2022-10-01,GMT,0.6405,0.00003319
2022-10-01,GNO,118.09,0.006102
2022-10-01,GNT,1.42369E-09,7.31949E-14
2022-10-01,GO,0.007399,0.00000039
2022-10-01,GRS,0.2903,0.00001503
2022-10-01,GRT,0.09749,0.00000505
2022-10-01,GTC,1.83,0.00009562
2022-10-01,GTO,0.0197,0.00000102
2022-10-01,GVT,0.3461,0.00001792
2022-10-01,GXS,0.8754,0.00004532
2022-10-01,GYEN,0.006895,0.00000036
2022-10-01,HARD,0.1964,0.00001017
2022-10-01,HBAR,0.05769,0.00000298
2022-10-01,HBIT,2.88684E-05,1.48418E-09
2022-10-01,HBZ,0.0001931,0.00000001
2022-10-01,HC,0.1081,0.0000056
2022-10-01,HCOIN,0.00000001,0.00000001
2022-10-01,HEGIC,0.007766,0.0000004
2022-10-01,HEX,0.03323,0.00000172
2022-10-01,HIGH,1.498,0.00007755
2022-10-01,HIVE,0.4879,0.00002526
2022-10-01,HNT,5.059,0.0002619
2022-10-01,HOT,0.002097,0.00000011
2022-10-01,HSR,2.526,0.0001308
2022-10-01,HUDI,0.224036224,1.1518E-05
2022-10-01,HUDI_BSC,0.224036224,1.1518E-05
2022-10-01,HUSD,0.9924,0.00005138
2022-10-01,IBAT,0.2999,0.00001554
2022-10-01,IBTC,19450.72152,1
2022-10-01,ICN,0.377,0.00002206
2022-10-01,ICP,6.119,0.0003167
2022-10-01,ICX,0.2358,0.00001225
2022-10-01,IDEX,0.06161,0.00000319
2022-10-01,IDRT,0.00001931,0.000000001
2022-10-01,IETH,1311.8,0.06791
2022-10-01,ILTC,52.92,0.00274
2022-10-01,ILV,56.4,0.00292
2022-10-01,IMX,0.7592,0.0000393
2022-10-01,INF,0.229917109,1.18203E-05
2022-10-01,INJ,1.653,0.0000856
2022-10-01,INR,0.01222,0.00000063
2022-10-01,INS,0.1194,0.00000618
2022-10-01,IOMG,0.00000001,0.00000001
2022-10-01,IOST,0.01166,0.0000006
2022-10-01,IOTA,0.293,0.00001519
2022-10-01,IOTX,0.03266,0.00000148
2022-10-01,IQ,0.004818,0.00000025
2022-10-01,IRIS,0.01899,0.00000097
2022-10-01,IXLM,0.1214,0.00000628
2022-10-01,IXRP,0.4754,0.00002462
2022-10-01,JASMY,0.00692,0.00000035
2022-10-01,JOE,0.2162,0.00001122
2022-10-01,JPY,0.006920471,3.56817E-07
2022-10-01,JST,0.02471,0.00000128
2022-10-01,JUV,5.086224956,0.000261489
2022-10-01,KARD,0.00000001,0.00000001
2022-10-01,KAVA,1.51,0.00007818
2022-10-01,KDA,1.394,0.00007219
2022-10-01,KEEP,0.142,0.00000738
2022-10-01,KEY,0.004327,0.00000023
2022-10-01,KICK,0.0007,0.000000002
2022-10-01,KLAY,0.1933,0.00001001
2022-10-01,KMD,0.252,0.00001305
2022-10-01,KNC,1.171,0.00006061
2022-10-01,KP3R,100.88,0.005222
2022-10-01,KSM,42.05,0.00218
2022-10-01,LAZIO,6.692640895,0.000344077
2022-10-01,LDO,1.518,0.00007817
2022-10-01,LEC,0.06477087,3.32995E-06
2022-10-01,LEND,0.00000001,0.00000001
2022-10-01,LEVER,0.001842899,9.47456E-08
2022-10-01,LINA,0.007362178,3.78498E-07
2022-10-01,LINK,7.395,0.0003828
2022-10-01,LINKDOWN,0.005806,0.0000003
2022-10-01,LINKUP,0.01183,0.00000061
2022-10-01,LIT,0.5993,0.00003103
2022-10-01,LOCKED,0.00000001,0.00000001
2022-10-01,LOKA,0.5166,0.00002675
2022-10-01,LOOM,0.05325,0.00000275
2022-10-01,LPT,9.03,0.0004678
2022-10-01,LRC,0.2939,0.00001521
2022-10-01,LSK,0.9502,0.00004929
2022-10-01,LTC,52.92,0.00274
2022-10-01,LTCDOWN,2.228,0.0002054
2022-10-01,LTCUP,0.4801,0.00004427
2022-10-01,LTO,0.0783,0.00000401
2022-10-01,LUN,0.01178,0.00000061
2022-10-01,LUNA,2.477,0.000128
2022-10-01,LUNC,0.0003339,0.00000002
2022-10-01,MANA,0.6927,0.00003587
2022-10-01,MASK,1.15,0.00005934
2022-10-01,MATIC,0.7669,0.00003971
2022-10-01,MATIC_POLYGON,0.7669,0.00003971
2022-10-01,MBL,0.003411,0.00000018
2022-10-01,MBOX,0.6248,0.00003235
2022-10-01,MC,0.658,0.00003407
2022-10-01,MCO,4.22,0.0002185
2022-10-01,MDA,0.04945,0.00000256
2022-10-01,MDT,0.02537,0.00000131
2022-10-01,MDX,0.06034,0.00000317
2022-10-01,MER,0.015778368,8.11035E-07
2022-10-01,MFT,0.004854,0.00000025
2022-10-01,MIM,0.9997,0.00005176
2022-10-01,MIM-3LP3CRV-F,0.00000001,0.00000001
2022-10-01,MINA,0.5826,0.0000301
2022-10-01,MIR,0.2068,0.00001069
2022-10-01,MITH,0.02086,0.00000108
2022-10-01,MKR,730.84,0.03782
2022-10-01,MLN,19.18,0.000993
2022-10-01,MOB,0.8772,0.00004541
2022-10-01,MOD,0.2275,0.00001178
2022-10-01,MOVR,10.81,0
2022-10-01,MPL,17.98,0.0009352
2022-10-01,MPL-LP,0.00000001,0.00000001
2022-10-01,MPL-LP_ETH,0.00000001,1E-12
2022-10-01,MTH,0.008691,0.00000045
2022-10-01,MTL,1.053,0.00005448
2022-10-01,MTS,0.006303595,3.24015E-07
2022-10-01,MULTI,4.117876411,0.000211666
2022-10-01,NANO,0.7567,0.0000416
2022-10-01,NAS,0.04486,0.00000239
2022-10-01,NAV,0.04307,0.00000223
2022-10-01,NBS,0.004442,0.00000023
2022-10-01,NBT,0.006761057,3.4753E-07
2022-10-01,NCASH,0.004482,0.00000003
2022-10-01,NEAR,3.555,0.0001842
2022-10-01,NEBL,2.677,0.0001386
2022-10-01,NEO,8.776,0.0004544
2022-10-01,NEXO,0.9169,0.00004753
2022-10-01,NFT,0.0000005,3E-11
2022-10-01,NGN,0.001389,0.00000007
2022-10-01,NKN,0.091,0.0000047
2022-10-01,NMR,14.71,0.0007616
2022-10-01,NOK,0.092261825,4.75698E-06
2022-10-01,NPXS,0.0004,0.00000004
2022-10-01,NU,0.1522,0.00000789
2022-10-01,NULS,0.1928,0.00000995
2022-10-01,NXS,0.05408,0.0000028
2022-10-01,OAX,0.3001,0.00001554
2022-10-01,OCEAN,0.1585,0.0000082
2022-10-01,OG,5.419043398,0.000278556
2022-10-01,OGN,0.1471,0.00000761
2022-10-01,OM,0.04269,0.00000221
2022-10-01,OMG,1.713,0.00008862
2022-10-01,ONE,0.02,0.00000103
2022-10-01,ONG,0.001159,0.00000006
2022-10-01,ONT,0.2214,0.00001148
2022-10-01,OOKI,0.005024,0.00000027
2022-10-01,OP,0.895,0.00004604
2022-10-01,ORCA,0.851784064,4.37845E-05
2022-10-01,ORN,1.094,0.0000567
2022-10-01,OST,0.0004751,0.00000002
2022-10-01,OXT,0.0988,0.00000512
2022-10-01,PAT,0.0001527,0.00000002
2022-10-01,PAX,0.4397,0.00002277
2022-10-01,PAX-USDP3CRV-F,0.00000001,0.00000001
2022-10-01,PAXG,1654.05,0.08564
2022-10-01,PEOPLE,0.022784765,1.17121E-06
2022-10-01,PERL,0.02047,0.00000106
2022-10-01,PERP,0.5652,0.00002866
2022-10-01,PHA,0.09062,0.0000046
2022-10-01,PHB,0.7341,0.00003801
2022-10-01,PHP,0.017033165,8.78223E-07
2022-10-01,PHX,0.001650732,8.4853E-08
2022-10-01,PIVX,0.2737,0.00001417
2022-10-01,PLA,0.3143,0.00001624
2022-10-01,PNT,0.2378,0.00001236
2022-10-01,POA,0.00244,0.00000011
2022-10-01,POE,0.00001931,0.000000001
2022-10-01,POLS,0.4636,0.000024
2022-10-01,POLY,0.2399,0.00001247
2022-10-01,POND,0.01043,0.00000054
2022-10-01,PORTO,5.728884158,0.000294483
2022-10-01,POWR,0.193,0.00001001
2022-10-01,PPT,0.06683,0.00000346
2022-10-01,PROM,5.576,0.0002887
2022-10-01,PROS,0.815721846,4.19307E-05
2022-10-01,PSG,8.546233421,0.000439304
2022-10-01,PSQ,0.00000001,0.00000001
2022-10-01,PUNDIX,0.476047683,2.44704E-05
2022-10-01,PYR,3.517,0.0001821
2022-10-01,QCAD,0.73015618,3.76466E-05
2022-10-01,QI,0.00941,0.00000048
2022-10-01,QKC,0.01094,0.00000057
2022-10-01,QLC,0.03569,0.00000186
2022-10-01,QNT,136.83,0.007083
2022-10-01,QSP,0.01512,0.0000008
2022-10-01,QTUM,2.847,0.0001474
2022-10-01,QUICK,56.24,0.002926
2022-10-01,RAD,2.009,0.000104
2022-10-01,RAMP,0.0518,0.0000033
2022-10-01,RARE,0.16,0.00000819
2022-10-01,RAY,0.5617,0.00002909
2022-10-01,RCN,0.00324,0.00000017
2022-10-01,RDN,0.1688,0.00001145
2022-10-01,REEF,0.005153,0.00000027
2022-10-01,REI,0.03438509,1.76738E-06
2022-10-01,REN,0.1162,0.00000601
2022-10-01,RENBTC,19323.58,1.001
2022-10-01,REP,7.438,0.0003687
2022-10-01,REQ,0.1026,0.00000531
2022-10-01,RGT,2.81,0.00009535
2022-10-01,RIF,0.05735,0.00000298
2022-10-01,RLC,1.198,0.00006198
2022-10-01,RMB,0.138,0.00000714
2022-10-01,RNDR,0.4616,0.00002389
2022-10-01,ROSE,0.06052,0.00000315
2022-10-01,RPX,0.00000001,0.00000001
2022-10-01,RSR,0.009585,0.0000005
2022-10-01,RSR2,0.00000001,0.00000001
2022-10-01,RSV,0.9968,0.00005162
2022-10-01,RUB,0.01694,0.00000088
2022-10-01,RUNE,1.545,0.00007998
2022-10-01,RVN,0.036,0.00000185
2022-10-01,SALT,0.04058,0.0000021
2022-10-01,SAND,0.8361,0.00004328
2022-10-01,SANTOS,17.33533004,0.000891027
2022-10-01,SC,0.003459,0.00000018
2022-10-01,SCRT,0.9352,0.00004863
2022-10-01,SFM,0.001069,0.0000001
2022-10-01,SFP,0.3635,0.00001882
2022-10-01,SGB,0.01999389,1.02768E-06
2022-10-01,SGD,0.6934,0.0000359
2022-10-01,SHIB,0.00001117,6E-10
2022-10-01,SKL,0.039,0.00000201
2022-10-01,SKY,0.00000001,0.00000001
2022-10-01,SLP,0.003253,0.00000017
2022-10-01,SLP1,0.00000001,0.00000001
2022-10-01,SNGLS,0.0004021,0.00000363
2022-10-01,SNM,0.3191,0.00001652
2022-10-01,SNT,0.02822,0.00000146
2022-10-01,SNX,2.318,0.0001201
2022-10-01,SOL,32.44,0.001684
2022-10-01,SOLO,0.1337,0.00000692
2022-10-01,SPARTA,0.00000001,0.00000001
2022-10-01,SPELL,0.001017,0.00000005
2022-10-01,SRM,0.7611,0.00003939
2022-10-01,SRM_LOCKED,0.7611,0.00003939
2022-10-01,SSV,11.12,0.0005755
2022-10-01,STEEM,0.2188,0.00001133
2022-10-01,STG,0.5212,0.00002699
2022-10-01,STMX,0.007165,0.00000038
2022-10-01,STORJ,0.4494,0.00002324
2022-10-01,STORM,0.005022,0.00000026
2022-10-01,STPT,0.04191,0.00000217
2022-10-01,STRAT,0.00000001,0.00000001
2022-10-01,STRAX,0.5128,0.00002648
2022-10-01,stSOL,34.98329591,0.001797335
2022-10-01,STX,0.3234,0.00001673
2022-10-01,SUB,0.0005794,0.00000003
2022-10-01,SUN,0.005192,0.00000026
2022-10-01,SUPER,0.1284,0.00000665
2022-10-01,SUSD,1.001,0.00005182
2022-10-01,SUSHI,1.073,0.00005546
2022-10-01,SUSHIDOWN,0.00000001,0.00000001
2022-10-01,SUSHIUP,0.004640507,2.38477E-07
2022-10-01,SWRV,0.1187,0.00000615
2022-10-01,SXP,0.349,0.00001802
2022-10-01,SXPDOWN,0.08949,0.00000825
2022-10-01,SXPUP,0.1743,0.00001607
2022-10-01,SYS,0.1703,0.00000882
2022-10-01,TCT,0.007018,0.00000036
2022-10-01,TFUEL,0.05249,0.0000027
2022-10-01,THETA,1.062,0.00005499
2022-10-01,TKO,0.2511,0.000013
2022-10-01,TLM,0.02425,0.00000125
2022-10-01,TNB,0.006572,0.00000034
2022-10-01,TNT,0.003306,0.00000017
2022-10-01,TOMO,0.452,0.00002343
2022-10-01,TORN,6.343,0.0003284
2022-10-01,TRB,15.64,0.00081
2022-10-01,TRIBE,0.2157,0.00001115
2022-10-01,TRIG,0.3824,0.0000198
2022-10-01,TROY,0.00366,0.00000019
2022-10-01,TRU,0.05207,0.00000269
2022-10-01,TRX,0.06048,0.00000314
2022-10-01,TRXDOWN,1.255,0.00006499
2022-10-01,TRXUP,0.05119,0.00000265
2022-10-01,TRX_USDC_6NU3,0.00000001,1E-12
2022-10-01,TRX_USDT_S2UZ,1,0.00005137
2022-10-01,TRY,0.05343,0.00000277
2022-10-01,TRYB,0.05337,0.00000276
2022-10-01,TRYB_ALGO,0.05337,0.00000276
2022-10-01,TUSD,1,0.00005179
2022-10-01,TUSDB,0.00000001,0.00000001
2022-10-01,TVK,0.03747,0.00000194
2022-10-01,TWT,0.8896,0.00004606
2022-10-01,UAH,0.02459,0.00000127
2022-10-01,UBIT,0.00000001,0.00000001
2022-10-01,UFT,0.374,0.00001936
2022-10-01,UMA,2.304,0.0001193
2022-10-01,UNFI,6.244,0.0003233
2022-10-01,UNI,6.399,0.0003315
2022-10-01,UNIDOWN,2.172,0.0002003
2022-10-01,UNIUP,1.055,0.00009728
2022-10-01,USD,1,0.00005133
2022-10-01,USDC,1,0.00005178
2022-10-01,USDC.e,1,0.00005178
2022-10-01,USDCE,1,0.00005178
2022-10-01,USDC_E_AVAX,1,0.00005178
2022-10-01,USDC_POLYGON,1,0.00005178
2022-10-01,USDP,1.002,0.0000519
2022-10-01,USDS,0.9919,0.00004044
2022-10-01,USDSB,0.9996,0.00009218
2022-10-01,USDT,1,0.00005136
2022-10-01,USDTS,0.00000001,0.00000001
2022-10-01,USDTSSS,0.00000001,0.00000001
2022-10-01,USDT_POLYGON,1,0.00005136
2022-10-01,USDX,1,0.00005134
2022-10-01,UST,0.03263,0.00000145
2022-10-01,USTC,0.03249,0.00000169
2022-10-01,UTK,0.1037,0.0000054
2022-10-01,VAI,0.00000001,0.00000001
2022-10-01,VCAD,0.00000001,0.00000001
2022-10-01,VEN,0.018601076,9.55843E-07
2022-10-01,VET,0.0233,0.00000121
2022-10-01,VGX,0.5696,0.00002949
2022-10-01,VIA,0.05427,0.00000281
2022-10-01,VIB,0.07654,0.00000396
2022-10-01,VIBE,0.003283,0.00000017
2022-10-01,VIDT,0.2731,0.00001414
2022-10-01,VITE,0.0267,0.0000014
2022-10-01,VOXEL,0.2675,0.00001385
2022-10-01,VTHO,0.0014,0.00000007
2022-10-01,WABI,0.1385,0.00000654
2022-10-01,WAN,0.1872,0.00000969
2022-10-01,WAVAX,16.96,0.0008785
2022-10-01,WAVES,3.804,0.0001965
2022-10-01,WAXP,0.08488,0.00000443
2022-10-01,WBTC,19458.92775,1
2022-10-01,WBTC_POLYGON,19458.92775,1
2022-10-01,WETH,1311.8,0.06791
2022-10-01,WETH_POLYGON,1311.8,0.06791
2022-10-01,WIN,0.00009657,0.000000005
2022-10-01,WING,8.84,0.0004577
2022-10-01,WINGS,0.00309,0.00000016
2022-10-01,WMATIC,0.7669,0.00003971
2022-10-01,WMATIC_POLYGON,0.7669,0.00003971
2022-10-01,WNXM,15.33,0.000797
2022-10-01,WOO,0.1349,0.00000702
2022-10-01,WPR,0.04073,0.00000227
2022-10-01,WRX,0.2023,0.00001049
2022-10-01,WTC,0.3293,0.0000172
2022-10-01,XAU,5647.36,0.2924
2022-10-01,XBIT,0.00000001,0.00000001
2022-10-01,XDB,0.001102,0.00000005
2022-10-01,XEC,0.0000409,0.000000002
2022-10-01,XEM,0.04014,0.0000021
2022-10-01,XLM,0.1214,0.00000628
2022-10-01,XLMDOWN,5.927647062,0.000304601
2022-10-01,XLMUP,0.030776722,1.58151E-06
2022-10-01,XLM_BRZ_EDTE,0.1854,0.00000863
2022-10-01,XLM_USDC_5F3T,1,0.00005178
2022-10-01,XMR,141.11,0.007306
2022-10-01,XNO,0.01622,0.00000084
2022-10-01,XPR,0.001931,0.0000001
2022-10-01,XRP,0.4754,0.00002462
2022-10-01,XRPBEAR,0.00000008,4E-12
2022-10-01,XRPBULL,0.00003643,0.000000002
2022-10-01,XRPDOWN,0.0002897,0.00000002
2022-10-01,XRPUP,0.2277,0.00001179
2022-10-01,XSUSHI,1.45,0.00007504
2022-10-01,XTZ,1.41,0.00007299
2022-10-01,XTZDOWN,2.6,0.0002397
2022-10-01,XTZUP,0.002551,0.00000024
2022-10-01,XVG,0.003252,0.00000017
2022-10-01,XVS,4.941,0.0002558
2022-10-01,XZC,0.00000001,0.00000001
2022-10-01,YENi,0.00000001,0.00000001
2022-10-01,YFI,8070.54,0.4183
2022-10-01,YFIDOWN,0.938077804,4.81956E-05
2022-10-01,YFII,927.53,0.04804
2022-10-01,YFIUP,0.115213044,5.9193E-06
2022-10-01,YGG,0.3695,0.00001916
2022-10-01,YOYO,0.00000001,0.00000001
2022-10-01,ZAR,0.055625316,2.86802E-06
2022-10-01,ZDC,0.002169257,1.1145E-07
2022-10-01,ZEC,55.29,0.002861
2022-10-01,ZEN,13.9,0.0007197
2022-10-01,ZIL,0.0312,0.00000162
2022-10-01,ZRX,0.2677,0.00001386
2022-10-01,ZUSD,1.002,0.00005189
2022-10-01,ZVC,0.002701079,1.38773E-07
2022-10-02,1INCH,0.5534,0.00002902
2022-10-02,1INCHDOWN,0.008036815,4.16124E-07
2022-10-02,1INCHUP,0.063928932,3.31006E-06
2022-10-02,3CRV,1.021538982,5.28924E-05
2022-10-02,AAVE,72.66,0.003813
2022-10-02,AAVEDOWN,0.004674233,2.42019E-07
2022-10-02,AAVEUP,0.600958468,3.11159E-05
2022-10-02,ACA,0.180134295,9.32684E-06
2022-10-02,ACH,0.01136,0.0000006
2022-10-02,ACM,3.629,0.0001904
2022-10-02,ADA,0.4195,0.00002201
2022-10-02,ADADOWN,0.005067,0.00000027
2022-10-02,ADAUP,0.819,0.00004299
2022-10-02,ADX,0.1716,0.000009
2022-10-02,AE,0.07443,0.0000039
2022-10-02,AERGO,0.1238,0.00000651
2022-10-02,AGI,0.04405,0.0000023
2022-10-02,AGIX,0.046015757,2.38257E-06
2022-10-02,AGLD,0.3152,0.00001654
2022-10-02,AION,0.03807,0.000002
2022-10-02,AKRO,0.00362,0.00000019
2022-10-02,ALCX,20.06,0.001054
2022-10-02,ALGO,0.3543,0.0000186
2022-10-02,ALGO_USDC_UV4I,1,0.00005248
2022-10-02,ALGO_USDT_I3ZH,1,0.00005249
2022-10-02,ALICE,1.662,0.0000872
2022-10-02,ALK,0.003705167,1.91843E-07
2022-10-02,ALPACA,0.2837,0.00001489
2022-10-02,ALPHA,0.1114,0.00000571
2022-10-02,ALPINE,3.861049509,0.000199914
2022-10-02,AMB,0.01658,0.00000087
2022-10-02,AMP,0.00481,0.00000025
2022-10-02,ANC,0.08951,0.00000469
2022-10-02,ANKR,0.02994,0.00000157
2022-10-02,ANT,1.608,0.00008437
2022-10-02,ANY,4.320212003,0.000223688
2022-10-02,APE,5.003,0.0002622
2022-10-02,API3,1.632,0.00008524
2022-10-02,APPC,0.001334,0.00000007
2022-10-02,AR,9.064,0.0004756
2022-10-02,ARDR,0.09434,0.00000495
2022-10-02,ARK,0.3756,0.00001971
2022-10-02,ARKK,37.81,0.001957883
2022-10-02,ARN,0.02478,0.0000013
2022-10-02,ARPA,0.03308,0.00000174
2022-10-02,ARS,0.004465,0.00000018
2022-10-02,ASR,3.847697051,0.000199242
2022-10-02,AST,0.1044,0.00000548
2022-10-02,ASTR,0.0365,0.00000192
2022-10-02,ATA,0.1593,0.00000837
2022-10-02,ATM,4.465,0.0002343
2022-10-02,ATOM,11.99,0.0006295
2022-10-02,AUCTION,6.404,0.000336
2022-10-02,AUD,0.639900073,3.31909E-05
2022-10-02,AUDIO,0.2076,0.0000109
2022-10-02,AURY,1.307082149,6.76835E-05
2022-10-02,AUTO,226.6,0.01189
2022-10-02,AVA,0.7294,0.00003837
2022-10-02,AVAX,16.53,0.0008676
2022-10-02,AXS,12.14,0.0006373
2022-10-02,BADGER,3.463,0.0001817
2022-10-02,BAKE,0.2488,0.00001306
2022-10-02,BAL,5.011,0.0002635
2022-10-02,BAND,1.184,0.00006224
2022-10-02,BAR,6.018262828,0.000311639
2022-10-02,BAT,0.2913,0.00001519
2022-10-02,BCC,0.67988909,3.52061E-05
2022-10-02,BCD,0.1619,0.00000844
2022-10-02,BCERT,0.00000001,0.00000001
2022-10-02,BCERTIN,0.00000001,0.00000001
2022-10-02,BCGC,0.00000001,0.00000001
2022-10-02,BCH,114.33,0.006001
2022-10-02,BCHA,114.33,0.006001
2022-10-02,BCHABC,114.33,0.006001
2022-10-02,BCHDOWN,114.33,0.006001
2022-10-02,BCHSV,114.33,0.006001
2022-10-02,BCHUP,114.33,0.006001
2022-10-02,BCN,0.0005717,0.00000003
2022-10-02,BCPT,0.002298,0.00000012
2022-10-02,BDOT,4.573649707,0.000236833
2022-10-02,BEAM,0.1812,0.00000947
2022-10-02,BEAR,0.0002261,0.00000001
2022-10-02,BEL,0.5994,0.00003145
2022-10-02,BETA,0.101,0.0000053
2022-10-02,BETH,1280.354825,0.066299532
2022-10-02,BGBP,1.390635355,7.20101E-05
2022-10-02,BICO,0.3966,0.00002084
2022-10-02,BIDR,0.00006549,0.000000003
2022-10-02,BIFI,331.3,0.01739
2022-10-02,BK,0.00000001,0.00000001
2022-10-02,BK-LOCKED,0.00000001,0.00000001
2022-10-02,BKRW,0.0009105,0.00000005
2022-10-02,BLL,0.000293044,1.51744E-08
2022-10-02,BLZ,0.09015,0.00000473
2022-10-02,BNB,284.79,0.01494
2022-10-02,BNBBEAR,0.00000001,0.005404
2022-10-02,BNBBULL,18.45,0.005275
2022-10-02,BNBDOWN,0.04068,0.00000214
2022-10-02,BNBUP,34.73,0.001823
2022-10-02,BNB_BSC,284.79,0.01494
2022-10-02,BNT,0.4222,0.00002226
2022-10-02,BNX,155.732701,0.008064317
2022-10-02,BOND,5.079,0.0002654
2022-10-02,BONDMGL1,0.00000001,0.00000001
2022-10-02,BOSSC,0.00000001,0.00000001
2022-10-02,BOT,0.001868442,9.67536E-08
2022-10-02,BQX,0.00000001,0.00000001
2022-10-02,BRD,0.0242,0.00000127
2022-10-02,BRL,0.1855,0.00000973
2022-10-02,BRZ,0.1858,0.00000974
2022-10-02,BRZ_ALGO,0.1858,0.00000974
2022-10-02,BSV,47.78,0.002507
2022-10-02,BSW,0.2643,0.00001387
2022-10-02,BTC,19058.15,1
2022-10-02,BTCB,18766.56,0.9847
2022-10-02,BTCDOWN,0.03553,0.00000186
2022-10-02,BTCST,8.557,0.000449
2022-10-02,BTCUP,3.783,0.0001986
2022-10-02,BTG,19.78,0.001038
2022-10-02,BTS,0.01048,0.00000055
2022-10-02,BTT,0.00000077,4E-11
2022-10-02,BTTC,0.00000001,0.00000001
2022-10-02,BULL,83.68,0.004396
2022-10-02,BUNNY,0.079730485,4.12869E-06
2022-10-02,BURGER,0.935,0.00004908
2022-10-02,BUSD,1,0.00005179
2022-10-02,BUSD_BSC,1,0.00005179
2022-10-02,BVND,0.00000001,0.00000001
2022-10-02,BZRX,0.057988792,3.00284E-06
2022-10-02,C98,0.3543,0.00001863
2022-10-02,CAD,0.723037045,3.75031E-05
2022-10-02,CAKE,4.576,0.0002401
2022-10-02,CANDi,0.00000001,0.00000001
2022-10-02,CDT,0.00000001,0.00000001
2022-10-02,CELO,0.757,0.00003976
2022-10-02,CELR,0.01484,0.00000078
2022-10-02,CFX,0.04124,0.00000216
2022-10-02,CHAT,0.00096,0.00000005
2022-10-02,CHESS,0.2537,0.00001333
2022-10-02,CHR,0.1466,0.00000768
2022-10-02,CHT,1.38055E-05,7.14893E-10
2022-10-02,CHZ,0.2156,0.00001133
2022-10-02,CIRUS,0.120385146,6.23391E-06
2022-10-02,CITY,6.540246123,0.000338674
2022-10-02,CKB,0.003677,0.00000019
2022-10-02,CLOAK,0.343,0.000018
2022-10-02,CLV,0.08239,0.00000432
2022-10-02,CMT,0.002287,0.00000012
2022-10-02,CND,0.0006639,0.00000002
2022-10-02,COCOS,0.5635,0.00002957
2022-10-02,COMP,58.37,0.003062
2022-10-02,COPE,0.043495202,2.25211E-06
2022-10-02,COS,0.00511,0.00000075
2022-10-02,COTI,0.1084,0.00000569
2022-10-02,COVER,21.04,0.001104
2022-10-02,CQT,0.06966,0.00000365
2022-10-02,CREAM,14.15,0.0007453
2022-10-02,CRV,0.8594,0.00004507
2022-10-02,CRVUSDBTCETH,0.00000001,0.00000001
2022-10-02,CRV_POLYGON,0.8594,0.00004507
2022-10-02,CTK,0.8586,0.00004505
2022-10-02,CTSI,0.136,0.00000715
2022-10-02,CTXC,0.1067,0.0000056
2022-10-02,CVC,0.1231,0.00000647
2022-10-02,CVP,0.3206,0.00001682
2022-10-02,CVX,4.684,0.0002458
2022-10-02,cvxCRV,0.845991279,4.38064E-05
2022-10-02,DAI,1,0.00005249
2022-10-02,DAI_POLYGON,1,0.00005249
2022-10-02,DAR,0.2102,0.00001103
2022-10-02,DASH,39.87,0.002092
2022-10-02,DATA,0.03036,0.00000161
2022-10-02,DCR,25.82,0.001355
2022-10-02,DEGO,1.66,0.0000871
2022-10-02,DENT,0.0009192,0.00000005
2022-10-02,DEXE,3.014739366,0.000156098
2022-10-02,DF,0.03354,0.00000176
2022-10-02,DFL,0.001356816,7.02537E-08
2022-10-02,DGB,0.009119,0.00000048
2022-10-02,DGD,177.7,0.009324
2022-10-02,DIA,0.381,0.00001999
2022-10-02,DLT,0.0005717,0.00000003
2022-10-02,DNT,0.0412,0.00000215
2022-10-02,DOCK,0.02077,0.00000109
2022-10-02,DODO,0.144,0.00000753
2022-10-02,DOGE,0.05927,0.00000311
2022-10-02,DOT,6.159,0.0003231
2022-10-02,DOTDOWN,15.31,0.0008036
2022-10-02,DOTUP,0.1533,0.00000805
2022-10-02,DREP,0.4717,0.00002468
2022-10-02,DUSK,0.1156,0.00000605
2022-10-02,DYDX,1.201,0.00006304
2022-10-02,EASY,0.00000001,0.00000001
2022-10-02,EDG,0.04002,0.0000021
2022-10-02,EDO,0.6144,0.0001622
2022-10-02,EGLD,48.1,0.002524
2022-10-02,ELF,0.1282,0.00000674
2022-10-02,ELLEX,0.00000001,0.00000001
2022-10-02,ENG,0.006861,0.00000036
2022-10-02,ENJ,0.436,0.0000229
2022-10-02,ENS,14.22,0.0007466
2022-10-02,EOS,1.16,0.00006084
2022-10-02,EOSBEAR,0.00000172,9E-11
2022-10-02,EOSBULL,0.00000019,1E-11
2022-10-02,EOSDOWN,0.0003665,0.00000003
2022-10-02,EOSUP,0.2113,0.00001948
2022-10-02,EPS,0.087280863,4.51926E-06
2022-10-02,EPT,0.00000001,0.00000001
2022-10-02,EPX,0.0005107,0.00000003
2022-10-02,ERD,0.008386,0.00000044
2022-10-02,ERN,3.65,0.0001918
2022-10-02,ETC,26.94,0.001413
2022-10-02,ETH,1276.69,0.067
2022-10-02,ETHBEAR,0.00000008,4E-12
2022-10-02,ETHBULL,4.259,0.0002104
2022-10-02,ETHDOWN,1.22,0.00006403
2022-10-02,ETHUP,3.013,0.0001581
2022-10-02,ETHW,10.19,0.0005359
2022-10-02,EUR,0.980339295,5.08491E-05
2022-10-02,EUROC,0.980602234,5.07746E-05
2022-10-02,EURS,0.9699,0.0000503
2022-10-02,EURT,0.9803,0.00005136
2022-10-02,EVX,0.01333,0.0000007
2022-10-02,EZ,0.2575,0.00001351
2022-10-02,F2F,0.00000001,0.00000001
2022-10-02,FARM,37.17,0.001953
2022-10-02,FET,0.0787,0.00000414
2022-10-02,FIDA,0.4269,0.0000225
2022-10-02,FIL,5.379,0.0002831
2022-10-02,FILDOWN,0.000629296,3.25843E-08
2022-10-02,FILUP,0.212426513,1.09992E-05
2022-10-02,FIO,0.04288,0.00000225
2022-10-02,FIRO,2.737,0.0001436
2022-10-02,FIS,0.3145,0.00001659
2022-10-02,FLM,0.1168,0.00000613
2022-10-02,FLOW,1.626,0.00008526
2022-10-02,FLUX,0.8212,0.00004309
2022-10-02,FOR,0.01822,0.00000097
2022-10-02,FORTH,4.571,0.0002414
2022-10-02,FRONT,0.2186,0.00001155
2022-10-02,FTM,0.2179,0.00001144
2022-10-02,FTT,24.04,0.001262
2022-10-02,FUEL,0.000281828,1.45928E-08
2022-10-02,FUN,0.007291,0.00000038
2022-10-02,FXS,4.2,0.0002206
2022-10-02,GAL,2.562019543,0.000132659
2022-10-02,GALA,0.03943,0.00000207
2022-10-02,GAS,2.234,0.0001172
2022-10-02,GBP,1.114999983,5.78338E-05
2022-10-02,GHST,1.168,0.00006089
2022-10-02,GLM,0.2595,0.00001356
2022-10-02,GLMR,0.448,0.00002354
2022-10-02,GMT,0.606,0.00003182
2022-10-02,GNO,115.08,0.00605
2022-10-02,GNT,1.43919E-09,7.452E-14
2022-10-02,GO,0.007686,0.0000004
2022-10-02,GRS,0.3015,0.00001582
2022-10-02,GRT,0.0944,0.00000496
2022-10-02,GTC,1.75,0.00009246
2022-10-02,GTO,0.01925,0.00000101
2022-10-02,GVT,0.3415,0.00001792
2022-10-02,GXS,0.8519,0.00004471
2022-10-02,GYEN,0.006895,0.00000036
2022-10-02,HARD,0.1934,0.00001015
2022-10-02,HBAR,0.05639,0.00000296
2022-10-02,HBIT,2.07732E-05,1.07561E-09
2022-10-02,HBZ,0.0001906,0.00000001
2022-10-02,HC,0.1075,0.00000564
2022-10-02,HCOIN,0.00000001,0.00000001
2022-10-02,HEGIC,0.007686,0.0000004
2022-10-02,HEX,0.03206,0.00000167
2022-10-02,HIGH,1.405,0.00007371
2022-10-02,HIVE,0.4784,0.0000251
2022-10-02,HNT,4.789,0.0002514
2022-10-02,HOT,0.001966,0.0000001
2022-10-02,HSR,2.493,0.0001308
2022-10-02,HUDI,0.227287737,1.17688E-05
2022-10-02,HUDI_BSC,0.227287737,1.17688E-05
2022-10-02,HUSD,0.9902,0.00005196
2022-10-02,IBAT,0.2913,0.00001519
2022-10-02,IBTC,19312.83119,1
2022-10-02,ICN,0.377,0.00002206
2022-10-02,ICP,5.908,0.0003101
2022-10-02,ICX,0.2302,0.00001206
2022-10-02,IDEX,0.06118,0.00000321
2022-10-02,IDRT,0.00005717,0.000000003
2022-10-02,IETH,1276.69,0.067
2022-10-02,ILTC,51.81,0.002719
2022-10-02,ILV,54.51,0.00286
2022-10-02,IMX,0.7441,0.00003904
2022-10-02,INF,0.229917109,1.1905E-05
2022-10-02,INJ,1.567,0.00008221
2022-10-02,INR,0.01135,0.0000006
2022-10-02,INS,0.1178,0.00000618
2022-10-02,IOMG,0.00000001,0.00000001
2022-10-02,IOST,0.01149,0.0000006
2022-10-02,IOTA,0.2749,0.00001444
2022-10-02,IOTX,0.03219,0.00000143
2022-10-02,IQ,0.004711,0.00000025
2022-10-02,IRIS,0.01835,0.00000099
2022-10-02,IXLM,0.1184,0.00000622
2022-10-02,IXRP,0.4484,0.00002354
2022-10-02,JASMY,0.00635,0.00000034
2022-10-02,JOE,0.2165,0.00001144
2022-10-02,JPY,0.006908988,3.58362E-07
2022-10-02,JST,0.02599,0.00000137
2022-10-02,JUV,5.089570561,0.000263535
2022-10-02,KARD,0.00000001,0.00000001
2022-10-02,KAVA,1.454,0.0000762
2022-10-02,KDA,1.365,0.00007163
2022-10-02,KEEP,0.1412,0.00000738
2022-10-02,KEY,0.004273,0.00000023
2022-10-02,KICK,0.0007,0.000000002
2022-10-02,KLAY,0.1868,0.0000098
2022-10-02,KMD,0.2525,0.00001325
2022-10-02,KNC,1.117,0.00005868
2022-10-02,KP3R,96.52,0.005065
2022-10-02,KSM,40.59,0.002131
2022-10-02,LAZIO,6.748436445,0.00034943
2022-10-02,LDO,1.435,0.0000754
2022-10-02,LEC,0.06477087,3.3538E-06
2022-10-02,LEND,0.00000001,0.00000001
2022-10-02,LEVER,0.001794909,9.29393E-08
2022-10-02,LINA,0.00731573,3.78804E-07
2022-10-02,LINK,7.111,0.0003732
2022-10-02,LINKDOWN,0.006154,0.00000032
2022-10-02,LINKUP,0.01053,0.00000055
2022-10-02,LIT,0.7299,0.0000383
2022-10-02,LOCKED,0.00000001,0.00000001
2022-10-02,LOKA,0.513,0.00002692
2022-10-02,LOOM,0.05094,0.00000267
2022-10-02,LPT,8.731,0.0004593
2022-10-02,LRC,0.2852,0.00001496
2022-10-02,LSK,0.9386,0.00004937
2022-10-02,LTC,51.81,0.002719
2022-10-02,LTCDOWN,2.228,0.0002054
2022-10-02,LTCUP,0.4801,0.00004427
2022-10-02,LTO,0.0767,0.000004
2022-10-02,LUN,0.01086,0.00000057
2022-10-02,LUNA,2.469,0.0001296
2022-10-02,LUNC,0.000335,0.00000002
2022-10-02,MANA,0.6827,0.00003583
2022-10-02,MASK,1.12,0.00005879
2022-10-02,MATIC,0.7633,0.00004006
2022-10-02,MATIC_POLYGON,0.7633,0.00004006
2022-10-02,MBL,0.003383,0.00000018
2022-10-02,MBOX,0.6154,0.00003229
2022-10-02,MC,0.6472,0.00003396
2022-10-02,MCO,4.2,0.0002204
2022-10-02,MDA,0.0475,0.00000249
2022-10-02,MDT,0.02531,0.00000132
2022-10-02,MDX,0.06,0.00000315
2022-10-02,MER,0.015334327,7.94012E-07
2022-10-02,MFT,0.00466,0.00000025
2022-10-02,MIM,0.9957,0.00005224
2022-10-02,MIM-3LP3CRV-F,0.00000001,0.00000001
2022-10-02,MINA,0.576,0.00003023
2022-10-02,MIR,0.2037,0.00001067
2022-10-02,MITH,0.01982,0.00000104
2022-10-02,MKR,755.79,0.03951
2022-10-02,MLN,18.96,0.0009932
2022-10-02,MOB,0.8696,0.00004572
2022-10-02,MOD,0.2239,0.00001175
2022-10-02,MOVR,10.47,0
2022-10-02,MPL,17.95,0.0009332
2022-10-02,MPL-LP,0.00000001,0.00000001
2022-10-02,MPL-LP_ETH,0.00000001,1E-12
2022-10-02,MTH,0.007052,0.00000037
2022-10-02,MTL,1.018,0.00005346
2022-10-02,MTS,0.006289252,3.25658E-07
2022-10-02,MULTI,4.024361538,0.000208382
2022-10-02,NANO,0.8257,0.0000434
2022-10-02,NAS,0.04034,0.00000212
2022-10-02,NAV,0.03983,0.00000209
2022-10-02,NBS,0.004383,0.00000023
2022-10-02,NBT,0.006770849,3.50595E-07
2022-10-02,NCASH,0.004482,0.00000003
2022-10-02,NEAR,3.478,0.0001826
2022-10-02,NEBL,2.592,0.000136
2022-10-02,NEO,8.513,0.0004467
2022-10-02,NEXO,0.8633,0.00004534
2022-10-02,NFT,0.00000051,3E-11
2022-10-02,NGN,0.00138,0.00000007
2022-10-02,NKN,0.0896,0.0000047
2022-10-02,NMR,14.21,0.0007486
2022-10-02,NOK,0.091876467,4.76553E-06
2022-10-02,NPXS,0.0004,0.00000004
2022-10-02,NU,0.1484,0.00000779
2022-10-02,NULS,0.1912,0.00001001
2022-10-02,NXS,0.05336,0.0000028
2022-10-02,OAX,0.3011,0.0000158
2022-10-02,OCEAN,0.1504,0.00000789
2022-10-02,OG,5.343450269,0.000276688
2022-10-02,OGN,0.1428,0.0000075
2022-10-02,OM,0.04213,0.00000221
2022-10-02,OMG,1.641,0.0000862
2022-10-02,ONE,0.0193,0.00000102
2022-10-02,ONG,0.001143,0.00000006
2022-10-02,ONT,0.2158,0.0000113
2022-10-02,OOKI,0.004902,0.00000026
2022-10-02,OP,0.842,0.00004426
2022-10-02,ORCA,0.854783905,4.42614E-05
2022-10-02,ORN,1.059,0.0000558
2022-10-02,OST,0.000484,0.00000003
2022-10-02,OXT,0.0975,0.00000511
2022-10-02,PAT,0.0001527,0.00000002
2022-10-02,PAX,0.4339,0.00002277
2022-10-02,PAX-USDP3CRV-F,0.00000001,0.00000001
2022-10-02,PAXG,1658.25,0.08701
2022-10-02,PEOPLE,0.022302008,1.15482E-06
2022-10-02,PERL,0.02039,0.00000107
2022-10-02,PERP,0.5533,0.00002958
2022-10-02,PHA,0.0877,0.00000463
2022-10-02,PHB,0.777,0.00004077
2022-10-02,PHP,0.017006372,8.82102E-07
2022-10-02,PHX,0.001601358,8.29196E-08
2022-10-02,PIVX,0.2533,0.00001329
2022-10-02,PLA,0.3068,0.00001609
2022-10-02,PNT,0.2307,0.00001218
2022-10-02,POA,0.002096,0.00000011
2022-10-02,POE,0.00001906,0.000000001
2022-10-02,POLS,0.4519,0.00002373
2022-10-02,POLY,0.2294,0.00001206
2022-10-02,POND,0.01048,0.00000055
2022-10-02,PORTO,5.850988174,0.000302969
2022-10-02,POWR,0.1893,0.00000995
2022-10-02,PPT,0.06594,0.00000346
2022-10-02,PROM,5.544,0.0002909
2022-10-02,PROS,0.79338071,4.10819E-05
2022-10-02,PSG,8.419449598,0.000435966
2022-10-02,PSQ,0.00000001,0.00000001
2022-10-02,PUNDIX,0.479144549,2.48105E-05
2022-10-02,PYR,3.463,0.0001817
2022-10-02,QCAD,0.723037045,3.75031E-05
2022-10-02,QI,0.00905,0.00000048
2022-10-02,QKC,0.01026,0.00000054
2022-10-02,QLC,0.03665,0.00000179
2022-10-02,QNT,129.79,0.006805
2022-10-02,QSP,0.01452,0.0000008
2022-10-02,QTUM,2.767,0.0001454
2022-10-02,QUICK,55.87,0.00294
2022-10-02,RAD,1.98,0.0001048
2022-10-02,RAMP,0.0518,0.0000033
2022-10-02,RARE,0.154,0.00000819
2022-10-02,RAY,0.5522,0.00002897
2022-10-02,RCN,0.00309,0.00000016
2022-10-02,RDN,0.1688,0.00001145
2022-10-02,REEF,0.004759,0.00000025
2022-10-02,REI,0.03207643,1.661E-06
2022-10-02,REN,0.1114,0.00000584
2022-10-02,RENBTC,17373.41,0.9116
2022-10-02,REP,7.225,0.0003651
2022-10-02,REQ,0.1023,0.00000537
2022-10-02,RGT,2.74,0.0006633
2022-10-02,RIF,0.05589,0.00000294
2022-10-02,RLC,1.193,0.00006253
2022-10-02,RMB,0.1422,0.00000746
2022-10-02,RNDR,0.4516,0.00002371
2022-10-02,ROSE,0.05831,0.00000307
2022-10-02,RPX,0.00000001,0.00000001
2022-10-02,RSR,0.009705,0.00000051
2022-10-02,RSR2,0.00000001,0.00000001
2022-10-02,RSV,0.9973,0.00005235
2022-10-02,RUB,0.01689,0.00000089
2022-10-02,RUNE,1.5,0.00007887
2022-10-02,RVN,0.0343,0.00000181
2022-10-02,SALT,0.04193,0.0000022
2022-10-02,SAND,0.8131,0.00004268
2022-10-02,SANTOS,17.65356744,0.000914145
2022-10-02,SC,0.00341,0.00000018
2022-10-02,SCRT,0.9096,0.00004778
2022-10-02,SFM,0.001069,0.0000001
2022-10-02,SFP,0.3722,0.0000195
2022-10-02,SGB,0.019433952,1.00634E-06
2022-10-02,SGD,0.697,0.00003657
2022-10-02,SHIB,0.00001095,6E-10
2022-10-02,SKL,0.0378,0.00000199
2022-10-02,SKY,0.00000001,0.00000001
2022-10-02,SLP,0.003217,0.00000017
2022-10-02,SLP1,0.00000001,0.00000001
2022-10-02,SNGLS,0.0004021,0.00000361
2022-10-02,SNM,0.299,0.00001569
2022-10-02,SNT,0.02759,0.00000144
2022-10-02,SNX,2.216,0.0001163
2022-10-02,SOL,32.06,0.001682
2022-10-02,SOLO,0.1296,0.0000068
2022-10-02,SPARTA,0.00000001,0.00000001
2022-10-02,SPELL,0.0009958,0.00000005
2022-10-02,SRM,0.74,0.00003891
2022-10-02,SRM_LOCKED,0.74,0.00003891
2022-10-02,SSV,10.85,0.0005695
2022-10-02,STEEM,0.2137,0.00001121
2022-10-02,STG,0.5074,0.00002674
2022-10-02,STMX,0.00698,0.00000036
2022-10-02,STORJ,0.4421,0.00002316
2022-10-02,STORM,0.004955,0.00000026
2022-10-02,STPT,0.04136,0.00000217
2022-10-02,STRAT,0.00000001,0.00000001
2022-10-02,STRAX,0.5011,0.00002631
2022-10-02,stSOL,34.41546648,0.001782072
2022-10-02,STX,0.3168,0.00001661
2022-10-02,SUB,0.0005717,0.00000003
2022-10-02,SUN,0.00723,0.00000038
2022-10-02,SUPER,0.125,0.00000656
2022-10-02,SUSD,0.9959,0.00005227
2022-10-02,SUSHI,1.032,0.00005414
2022-10-02,SUSHIDOWN,0.00000001,0.00000001
2022-10-02,SUSHIUP,0.004640507,2.40297E-07
2022-10-02,SWRV,0.117,0.00000614
2022-10-02,SXP,0.3401,0.00001806
2022-10-02,SXPDOWN,0.0895,0.00000825
2022-10-02,SXPUP,0.1743,0.00001607
2022-10-02,SYS,0.1637,0.00000859
2022-10-02,TCT,0.006996,0.00000037
2022-10-02,TFUEL,0.05076,0.00000267
2022-10-02,THETA,1.03,0.0000541
2022-10-02,TKO,0.2489,0.00001306
2022-10-02,TLM,0.02483,0.0000013
2022-10-02,TNB,0.006652,0.00000035
2022-10-02,TNT,0.003217,0.00000017
2022-10-02,TOMO,0.4358,0.00002292
2022-10-02,TORN,6.156,0.000323
2022-10-02,TRB,14.91,0.0007829
2022-10-02,TRIBE,0.2123,0.00001115
2022-10-02,TRIG,0.3774,0.0000198
2022-10-02,TROY,0.003677,0.00000019
2022-10-02,TRU,0.05196,0.00000272
2022-10-02,TRX,0.06092,0.00000319
2022-10-02,TRXDOWN,1.234,0.00006477
2022-10-02,TRXUP,0.05215,0.00000274
2022-10-02,TRX_USDC_6NU3,0.00000001,1E-12
2022-10-02,TRX_USDT_S2UZ,1,0.00005249
2022-10-02,TRY,0.05324,0.00000279
2022-10-02,TRYB,0.05328,0.0000028
2022-10-02,TRYB_ALGO,0.05328,0.0000028
2022-10-02,TUSD,1.001,0.00005256
2022-10-02,TUSDB,0.00000001,0.00000001
2022-10-02,TVK,0.03602,0.00000189
2022-10-02,TWT,0.8846,0.00004662
2022-10-02,UAH,0.02465,0.0000013
2022-10-02,UBIT,0.00000001,0.00000001
2022-10-02,UFT,0.3383,0.00001776
2022-10-02,UMA,2.255,0.0001185
2022-10-02,UNFI,6.06,0.000318
2022-10-02,UNI,6.258,0.0003282
2022-10-02,UNIDOWN,2.172,0.0002003
2022-10-02,UNIUP,1.055,0.00009728
2022-10-02,USD,1,0.00005178
2022-10-02,USDC,1,0.00005248
2022-10-02,USDC.e,1,0.00005248
2022-10-02,USDCE,1,0.00005248
2022-10-02,USDC_E_AVAX,1,0.00005248
2022-10-02,USDC_POLYGON,1,0.00005248
2022-10-02,USDP,0.9929,0.0000521
2022-10-02,USDS,0.9919,0.00004044
2022-10-02,USDSB,0.9997,0.00009218
2022-10-02,USDT,1,0.00005249
2022-10-02,USDTS,0.00000001,0.00000001
2022-10-02,USDTSSS,0.00000001,0.00000001
2022-10-02,USDT_POLYGON,1,0.00005249
2022-10-02,USDX,1,0.00005178
2022-10-02,UST,0.03767,0.00000128
2022-10-02,USTC,0.03211,0.00000168
2022-10-02,UTK,0.1036,0.00000545
2022-10-02,VAI,0.00000001,0.00000001
2022-10-02,VCAD,0.00000001,0.00000001
2022-10-02,VEN,0.000867111,4.49037E-08
2022-10-02,VET,0.0226,0.00000119
2022-10-02,VGX,0.5412,0.00002838
2022-10-02,VIA,0.05451,0.00000286
2022-10-02,VIB,0.07246,0.0000038
2022-10-02,VIBE,0.00324,0.00000017
2022-10-02,VIDT,0.2718,0.00001426
2022-10-02,VITE,0.0271,0.00000142
2022-10-02,VOXEL,0.2575,0.00001351
2022-10-02,VTHO,0.0013,0.00000007
2022-10-02,WABI,0.12,0.0000062
2022-10-02,WAN,0.1831,0.00000962
2022-10-02,WAVAX,16.53,0.0008676
2022-10-02,WAVES,3.697,0.000194
2022-10-02,WAXP,0.08358,0.00000439
2022-10-02,WBTC,19311.55997,1
2022-10-02,WBTC_POLYGON,19311.55997,1
2022-10-02,WETH,1276.69,0.067
2022-10-02,WETH_POLYGON,1276.69,0.067
2022-10-02,WIN,0.00009529,0.000000005
2022-10-02,WING,8.835,0.0004636
2022-10-02,WINGS,0.003049,0.00000016
2022-10-02,WMATIC,0.7633,0.00004006
2022-10-02,WMATIC_POLYGON,0.7633,0.00004006
2022-10-02,WNXM,15.26,0.0008044
2022-10-02,WOO,0.1321,0.00000694
2022-10-02,WPR,0.04073,0.00000226
2022-10-02,WRX,0.1978,0.00001032
2022-10-02,WTC,0.3115,0.00001642
2022-10-02,XAU,5572.56,0.2924
2022-10-02,XBIT,0.00000001,0.00000001
2022-10-02,XDB,0.001102,0.00000005
2022-10-02,XEC,0.00004004,0.000000002
2022-10-02,XEM,0.03958,0.00000207
2022-10-02,XLM,0.1184,0.00000622
2022-10-02,XLMDOWN,5.927647062,0.000306966
2022-10-02,XLMUP,0.030776722,1.59379E-06
2022-10-02,XLM_BRZ_EDTE,0.1858,0.00000974
2022-10-02,XLM_USDC_5F3T,1,0.00005248
2022-10-02,XMR,136.95,0.007186
2022-10-02,XNO,0.01639,0.00000086
2022-10-02,XPR,0.002096,0.00000011
2022-10-02,XRP,0.4484,0.00002354
2022-10-02,XRPBEAR,0.00000007,4E-12
2022-10-02,XRPBULL,0.00003012,0.000000002
2022-10-02,XRPDOWN,0.0003214,0.00000002
2022-10-02,XRPUP,0.1939,0.00001018
2022-10-02,XSUSHI,1.389,0.0000729
2022-10-02,XTZ,1.376,0.00007219
2022-10-02,XTZDOWN,2.6,0.0002397
2022-10-02,XTZUP,0.002551,0.00000024
2022-10-02,XVG,0.00326,0.00000017
2022-10-02,XVS,4.951,0.0002598
2022-10-02,XZC,0.00000001,0.00000001
2022-10-02,YENi,0.00000001,0.00000001
2022-10-02,YFI,7881.17,0.4134
2022-10-02,YFIDOWN,0.938077804,4.85788E-05
2022-10-02,YFII,894.54,0.04691
2022-10-02,YFIUP,0.115213044,5.96637E-06
2022-10-02,YGG,0.365,0.00001925
2022-10-02,YOYO,0.00000001,0.00000001
2022-10-02,ZAR,0.055275982,2.86711E-06
2022-10-02,ZDC,0.002157678,1.11736E-07
2022-10-02,ZEC,53.63,0.002814
2022-10-02,ZEN,13.46,0.0007065
2022-10-02,ZIL,0.0304,0.0000016
2022-10-02,ZRX,0.2593,0.00001353
2022-10-02,ZUSD,0.9898,0.00005193
2022-10-02,ZVC,0.002701079,1.39865E-07